uuid_collectionneur;uuid_collection;statut_notice;titre_collection;activite_personne
e3d913f7-582f-4896-9251-7017cc7a704d;bdbd39b0-2a03-434e-95eb-e64718f11260;Publiée;Collection de Albert Jacquemart;collectionneur
8605f5c3-ed40-43b1-a37e-c3fdac810bbb;ce103235-2906-4e83-87b9-f52ac2cf65be;Publiée;Collection de Charles Lemire;collectionneur
a22ee1e3-b821-46a2-9f89-afa76fad68e2;e18bb6de-aee9-41e8-9745-12b951093531;Publiée;Collection d'Isabelle Massieu;
1420c0d6-c8a1-4b4d-97bd-c40d5f4eb963;01c00f48-c0bd-43c4-8b20-be115117c3be;Publiée;Collection de Jules Silvestre;
30993d20-4ab9-419a-a543-49d95d9ee36f;423e4ac6-c11a-480c-b860-b22c707914aa;Publiée;Collection de Charles Cartier-Bresson;collectionneur
c1572507-b589-4acb-92c1-4270c86e6e67;db0d603b-03c0-45a1-b86a-7dfd5020c5e3;Publiée;Collection de Paul Labbé;collecteur
490b45ab-aa0b-4dc5-a45c-931041d5e94a;c552fa36-2e7e-4438-8ac9-497dcfbadcf1;Publiée;Collection de Victor Thomas Holbé;collectionneur
0709adfe-5270-4f66-a67e-439c30084822;e64e59f9-a6e8-4c00-92ab-6ce547ae64f2;Publiée;Collection de Hayashi Tadamasa;collectionneur
0d16642f-cfbb-421b-bc64-7602928958dd;c6cd9c7f-7172-4440-9c7d-20d938038f7a;Publiée;Collection de Kenzaburō Wakai;collectionneur
1444c0be-2c17-47e5-8ec4-54a686cf5f0d;630a9f2b-ae51-4de4-aef6-5bc63fac9f91;Publiée;Collection de Joseph Vaylet;collectionneur
9b0e4b81-217e-4520-9102-390369943ad0;7700c86e-4da8-41d0-836e-d1d77af84f32;Publiée;Collection Ernest Monin;collectionneur
c295d5e4-2fc5-46e7-8a5e-9ce7453d9eb0;ad4329c9-fe7a-44d2-ae3c-868b32a912b0;Publiée;Collection d'Henri d'Orléans, duc d'Aumale;
28452f11-6d16-43e6-bdb5-8c926dd01e78;febcca03-9764-4d0e-b4f7-1482f951a885;Publiée;Collection du marquis de Thuisy;collectionneur
f4b1513f-51c5-46f8-b826-67254d988715;16668db0-724c-45b6-8e56-0cc45c07caaa;Publiée;Collection Wannieck;collectionneur
a8bc483b-7191-4bb6-a8e4-85af41a7e3ad;16668db0-724c-45b6-8e56-0cc45c07caaa;Publiée;Collection Wannieck;
c431086e-b7dd-4032-aacb-6c65f5cb78f8;16668db0-724c-45b6-8e56-0cc45c07caaa;Publiée;Collection Wannieck;collectionneur
ac390da3-aac3-4896-a7fe-e593ebb38a27;88bfc100-3844-4c8c-95f4-54f4cb0099f7;Publiée;Collection de Jean-Baptiste d'Allard;collectionneur
8ccedfb3-7615-4327-a739-a9c3b432ab72;7c5d69b4-abef-489b-9892-833d7aa37b65;Publiée;Collection d'Emile Javal;collectionneur
ff3c9e20-4947-4840-8962-041158f4a9ce;0691143b-1997-4104-9a5e-44ee58ec2173;Publiée;Collection de Louis de France, dit le Grand Dauphin;collectionneur
7d295c63-e9fd-469e-a96f-8e0ade55c253;ba05ef4e-663f-4027-b48c-c6a3e1cf6358;Publiée;Collection du comte de Provence;collectionneur
4c0693cb-e60a-41dd-af6c-35f6d9b9b8cd;5bc30d97-1f2e-41e4-b615-80f6e7c3c2de;Publiée;Collection du duc André-Joseph d'Ancezune;collectionneur
b0e71fbc-b5fc-4071-a06f-d1415d31a950;3285789c-2b9c-4cc0-a6d9-9d67abdbb721;Publiée;Collection de Louise Cahen d'Anvers;collectionneur
ea34b45e-f41e-490e-a00a-a7108d0a2ecc;f25c0b3e-794c-4db1-af7f-10e823e2b618;Publiée;Collection de Hugo Cahen d'Anvers;collectionneur
c460aee8-be84-4a97-90d2-d882468bb70d;64a2f4da-725a-4bd8-8f4f-9888b0f89b53;Publiée;Collection de Marie Joseph d’Hostun, duc de Tallard;collectionneur
37c2953d-2678-4df7-90b0-a4655afe4a5f;dae8f9fa-2e2d-4c22-9d17-000b103e642c;Publiée;Collection de Florine Langweil;marchand,collectionneur,expert
6776eb7b-e67e-4c12-8fa8-5d38f8f97068;9d6173b1-7363-4fda-bbab-10c84da6b159;Publiée;Collection d'Eugène Burnouf;collectionneur
6f50503a-834f-4d34-9786-4b1abf9510a1;a2186edf-ece6-4ec9-8fbb-506af756fb52;Publiée;Collection de Marie-Antoinette;collectionneur
2e9fb2f4-074f-410f-8379-303c83527371;04be38f7-7aed-47be-b8e3-5cab86bf3463;Publiée;Collection de duchesse du Maine (Louise de Bourbon);collectionneur
1016aa5b-ddc9-4d81-8a86-508f387fd8df;3112f59e-08b8-4b22-9f9d-ad343a1d6cd6;Publiée;Collection de Paul Mus;collecteur
e6f7fdb9-2ec7-4875-a805-65b65862aee3;5203e532-e256-4038-9bda-5462b421dc55;Publiée;Collection de Émile Tastet;marchand
cd9b2fee-e260-4787-acaf-c45e1cdf9a0b;e6bb0b1d-e317-4f98-b686-8af539416930;Publiée;Collection de Albert Morice;collecteur
0edc45b9-5e1e-47c0-a7c8-9d5b8637797e;c0cc993a-151d-445e-a1c8-d248f2dedb75;Publiée;Collection d'Isaac de Camondo;collectionneur
b50b9839-4c9b-4c4d-b3e8-b0cc5f8e22d0;89c35544-e4eb-4371-bc82-4ef898b998ec;Publiée;Collection de Jean-Baptiste Cécille;collecteur
79551d6a-77ff-47ad-ae08-a7f999600192;4f2af1e3-cc9e-4f67-b814-5f8c7eb75b99;Publiée;Collection de C. T. Loo;collectionneur
02812d68-980d-4eda-8fbb-bbeac7152fe3;490fd84d-39f4-4647-a4b8-39ea2fbf63c0;Publiée;Collection de Paul Ginier;collecteur
7b7a3b95-c043-4d10-a1da-ea31196a538a;c0b3569e-1668-4a2b-8175-cfbb813efbda;Publiée;Collection Baron Albert de Dietrich (1861-1956);collectionneur
e72b3a26-9725-4867-b334-38ad06c7f2bc;0aaf236f-64ad-4bc4-90d1-83dd5825b831;Publiée;Collection de Jules Cantini;collectionneur
52eea5dc-3234-4c9c-9140-c071a7694c22;287f65f0-de5b-462e-91cb-e6c0fa63dc9a;Publiée;Collection d'Eugène Gallois;collectionneur
d08a4c5c-5363-4bf2-a356-d2ebb121e1c8;84c7b0d0-862d-4125-aec2-4b28832f5bf1;Publiée;Collection de Joseph Eysséric;
a783ca78-d2bf-4589-a4e4-370cb9783fbf;b40eb37f-3e8c-4cec-8319-56e4869fe830;Publiée;Collection d'Henri Léonard Bertin;collectionneur
f2f66a19-1d55-4078-a8f7-71edb3580775;b2fcc8d4-75bb-4e86-a5c8-a49de14cccdf;Publiée;Collection de Camille Lefèvre;collectionneur
30a1581d-197a-4ed3-84eb-b02e76e3fa23;7e008c94-6d71-4591-b445-7a013a1578a8;Publiée;Collection de Georges Charpentier;collectionneur
e7f1a811-0617-4e63-8bdb-84ed4ee5b8e9;4a4c5d8f-39af-4c52-bff9-e72d8c99d820;Publiée;Collection d'Edmond et Jules de Goncourt;collectionneur
91950c20-65b8-4b50-aaa5-0df1520e6c63;4a4c5d8f-39af-4c52-bff9-e72d8c99d820;Publiée;Collection d'Edmond et Jules de Goncourt;collectionneur
f8c1e589-a7db-406b-b4c5-a7f4e4515f6f;aaad7c73-440a-458b-a3f5-b745d46e2177;Publiée;Collection d'Isidore Hedde;collecteur
b2ee0b7b-5555-4275-92e2-40796144bdc2;68431bbe-53da-4d14-b461-2337a9c78164;Publiée;Collection de Giuseppe De Nittis;collectionneur
d6a601f5-7f5c-46d0-8766-acc3fd72465d;e56ef7c9-5d1f-41be-bf24-211e2a05af63;Publiée;Collection de Pierre Loti;collectionneur
63ec4c54-507e-437e-a16b-edee992aad69;d251430d-cff4-48a5-8590-4bc5784e1df7;Publiée;Collection de Charles-Eudes Bonin;collectionneur
09d32995-6079-41a7-90aa-08b490d1a47e;1adfef72-2ac2-4abe-a8b3-845dab3c3b10;Publiée;Collection de Louis Laurent;collecteur
3b037426-54ea-4dd8-b9f3-4eae5d0cede9;daaa32db-e4e6-4819-9fd9-c5e9c922d889;Publiée;Collection de Joseph Martin;collectionneur
47dc33bb-5b65-425d-aa41-6f2e4e4241e1;480ad6ae-a4b9-4800-bfb7-e444b6a50adf;Publiée;Collection d'Abraham-Hyacinthe Anquetil-Duperron;collecteur
e212343a-0d46-42fe-80d4-5cd639f57bce;2a2f1fc5-a971-413f-8f66-6e8defa5e427;Publiée;Collection de Victor Jacquemont;collecteur
01363bab-56e1-41cb-9287-d8cfa6087ff8;3c27c118-6ee8-420e-bba7-0794ca8e1932;Publiée;Collection de Vincent Van Gogh;collectionneur
04570fd4-f72d-4aa8-a5e6-ec17b7d76439;b62a66b7-6170-44e4-b066-bd74d9f2fdea;Publiée;Collection d'Angéla Fleuriot;marchand
a102d16f-e3af-4da3-97dc-63048ddf5be0;361e0a6a-cc91-4bd7-bc49-efb2ea5aa9ec;Publiée;Objets rapportés à l'occasion de la Mission en Chine de Théodose de Lagrené;
56b72d0f-8efd-4365-bcc8-8db08b6a8343;84757926-c40a-416e-a1ea-1a1aeb64297a;Publiée;Collection de Nicolas Notovitch;collectionneur
351c1a11-ba8c-45c8-9dfb-032eb0e99563;b4625ebb-bc29-40b4-931c-f45f6d97e3e2;Publiée;Collection de Henri Marchal;collecteur
4df02394-4812-4d4e-b04c-0f41f9835eff;1fbc33c1-d78f-4286-bf72-d0e17ad6a72c;Publiée;Collection de Christophe Paul de Robien;collectionneur
ed141a94-a115-4352-bfb3-646db73204bc;fc02fc48-1dd4-486f-ad08-e9f6447b5706;Publiée;Collection de Maurice Maindron;collectionneur
5347cb2e-5c98-4188-b7d9-438fa164fb4b;5bb69f9a-13cf-430b-9390-368111224ac1;Publiée;Collection de Benoît de Boigne;collecteur
8b2d1a3d-6503-48bf-a700-265649421604;81b343a8-857c-4a2e-96f6-48296430f4f1;Publiée;Collection de Michel Calmann-Lévy;collectionneur
3c28070c-1fa9-417c-9032-d4c3cee460b3;c2e17f1c-85c0-4954-b79a-def2b380b36a;Publiée;Collection d'Émile Guimet;collectionneur
d33da4a1-e608-488a-bec8-e560e4744848;7d274d8c-66e3-4c5a-b57e-3f2f426dbe3c;Publiée;Collection d'Henri et Sophie Grangier;collectionneur
58c97700-ba79-4353-a0fe-342a736aaf54;7d274d8c-66e3-4c5a-b57e-3f2f426dbe3c;Publiée;Collection d'Henri et Sophie Grangier;collectionneur
056f45b4-b50c-4bde-bc63-0e8136a7a7f5;c0c0e0fc-477e-4e5a-9089-aee42b507d4f;Publiée;Collection de Joseph Malinet;
84dcf4e2-f1fd-436c-aa16-5acea70663f4;9221cfa3-792b-4cff-8aa3-d0384d3cb29b;Publiée;Collection d'A.D. Roussel;collectionneur
2daa3539-7201-44d6-b4cb-44c23d824e2d;61b9b8d1-875d-4937-8998-06b8a440cbd5;Publiée;Collection de Henri Vever;collectionneur
5b875ae5-3173-46e4-8ca6-ad96016e7a1b;fbf75ab7-675a-4d57-abc1-09f49d23b2cf;Publiée;Collection de Claude Monet;collectionneur
85f38a16-31af-4757-8f53-eb7371821cb0;9be5e167-a1ef-488e-8413-9164420eb137;Publiée;Collection de Paul Pelliot;
293f81f2-96bd-4bbe-a586-45b8f41dc53c;b95aafc0-ec64-4ba5-a508-c42f53169d64;Publiée;Collection d'Henry Barbet de Jouy;collectionneur
466bd64c-0d12-43d1-a4ba-5664856eb4f1;d8dff6aa-83b8-4672-b90f-23ab1f9193f2;Publiée;Collection de la duchesse de Mazarin;collectionneur
dfeae3be-4f85-4863-9593-fd189dc2bfe2;55bea4b5-9e1d-4040-a398-a4d48fcca413;Publiée;Collection de Joseph Ly;collecteur
f6f5aeeb-ae37-4a41-9819-409df62ef845;7a5ed424-3e07-4fb6-bb5c-8e2f15728fd9;Publiée;Collection Dutuit;collectionneur
253924e4-e75e-4ea5-9b5d-378106d70ba0;7a5ed424-3e07-4fb6-bb5c-8e2f15728fd9;Publiée;Collection Dutuit;collectionneur
091bcada-3bd2-4071-941a-190db4b8ab1d;7a5ed424-3e07-4fb6-bb5c-8e2f15728fd9;Publiée;Collection Dutuit;collectionneur
3c5f2029-484c-4b6e-941a-c6c3a09b78b7;642410f3-9c26-4cfc-8cd1-cfc6eb0e0bea;Publiée;Collection Robert de Sémallé;collectionneur
315171f4-55b5-49c3-a612-1d8e7fa31a49;fdcfbb49-176e-4c75-81ac-5e55fc007cb1;Publiée;Collection de Louis Marie Augustin, duc d’Aumont;collectionneur
cc6f3c00-c388-4a7f-ae37-52b348f8e903;54e535f4-31b4-4ac1-9e57-a08001e09a59;Publiée;Collection d'Édouard Ariel;collectionneur
86e2cb33-a44f-433f-9c08-44fe81c673ee;7b82d0e8-7473-4040-a604-fbd3f4b5cb51;Publiée;Collection d'Édouard Levi Montefiore;collectionneur
2f30b4bc-a067-4c00-99f3-28d4cec82563;de708673-76b8-414e-aea3-cd2a4857059a;Publiée;Collection d'Angran vicomte de Fontpertuis;collectionneur
4669c7dc-cfd3-4d55-b8ac-2d8445502e39;c431c31a-0d7d-41ec-90ee-5266bf48ab3f;Publiée;Collection de Xavier Brau de Saint Pol Lias;collecteur
589404d6-68d6-4c9f-9516-a5694587d113;9ff56f70-479b-4803-aa0f-a1f74121dba7;Publiée;Collection d'Octave du Sartel;collectionneur
3ee478a4-a3ae-4488-a3ae-bb660442bc64;f087f7c5-6be6-4f9c-a437-4cae52cf19a8;Publiée;Collection de Jules Claine;collectionneur,collecteur
070042a4-14d8-443b-848b-4d3b77b8598b;b6d121ca-5ba3-470f-84b3-9964560dcc3b;Publiée;Collection de Gabriel Jouveau-Dubreuil;collectionneur,collecteur
93163d57-005c-4647-8ba7-ac8e138a123b;540ea1c0-8d62-472f-8534-91c79354be4b;Publiée;Collection Louis XV;collectionneur
b8b0faac-d7bc-47d0-b552-f62807087f40;b27e2530-e91c-4fad-90a0-41d310da6381;Publiée;Collection de Marie-Henriette Dard;collectionneur
93e63a2e-0c8d-4fd2-bd37-ad610608c3bd;5d493d92-4f81-437d-8f7d-fa91b5890c52;Publiée;Collection de Charles Thevenot;collectionneur
f8a322d0-1374-4b91-a654-9b128504633a;3fd2951c-7435-48b3-97af-85823dc89e33;Publiée;Collection de Achille Silvestre;
c73e2825-2bb2-4508-9dff-11e2dd315336;df32488f-301b-41a2-bd8d-0c9808405714;Publiée;Collection de Charles Vignier;collectionneur
d1901d9b-018a-47bb-b10b-a26b6c7d6c05;2597ddff-a25c-4e10-b78e-d0f3564858b1;Publiée;Collection Demidoff;collectionneur
e178a13d-2ecc-4713-891c-5c8e6458b558;2aff1b7a-d514-4f4e-9fae-315c2473d31d;Publiée;Collection de Eugène Pley;collectionneur
3b7c14c2-8a1e-49e4-9e67-5786cf4b3675;859c0797-5ee4-46e9-9691-506e620131a5;Publiée;Collection de Ernest Chantre;collecteur
845189dd-ba89-47b8-9d47-faae41935cc9;d9505e9b-2598-411f-847d-15367fb9d7b9;Publiée;Collection de Stanislas Benoist-Méchin;
669e1b41-420a-4281-b511-2aefd4ae0e2d;c2cc5f97-5054-4425-b554-6afd2847d6c1;Publiée;Collection de Chrétien de Guignes;collectionneur
d39f19cb-740f-45c7-a817-b7db59d745d8;67a0aa80-814e-4e09-aaf4-382770e64a27;Publiée;Collection d'Augustin Blondel de Gagny;collectionneur
55a2c4dc-de37-457c-86ac-78381504f75f;f82ae448-102d-426f-83e2-6939bcfdba26;Publiée;Collection de Théodore Duret;collectionneur
2b0905b3-12fb-490a-9718-5f56c415b006;2b69ab9f-99f7-4b00-9c31-46d2306ddda8;Publiée;Collection de Louis Joseph Raphaël Collin;collectionneur
dc382199-149f-4b02-98fd-51daa0ef313b;5d85bfba-b029-47c5-b4e6-df433d9c79f9;Publiée;Collection de Hugues Krafft;collecteur
0c41fd23-5310-4119-b2ae-8fa4f4ca7975;22428ad8-9c96-49f9-80d1-63d0e8710833;Publiée;Collection de la marquise de Pompadour;collectionneur
201e2159-1301-479c-9a5d-58a9fa347796;41cb2035-9ead-4ee1-882d-65322c38d456;Publiée;Collection de Georges Labit;collectionneur
e9e4c67c-41f2-44ab-aa7e-7bae760dc13d;144a46b7-70eb-4e7d-8060-a174f9aee88c;Publiée;Collection de Georges de Tressan;collectionneur
91c42086-39ff-44cf-955e-8a27fe352546;4d912e16-050f-482a-b6b0-b84664a92b07;Publiée;Collection de Édouard Mène;collectionneur
e164c908-e5be-4ffe-b4e1-5eda287f450e;d8e9e2a4-fa78-412c-a0aa-77e8a67e8628;Publiée;Collection de Victor Collin de Plancy;collectionneur
ff40d855-f40d-409e-95cf-24f6a995c5f9;a2b6e5aa-d286-4cb1-99ea-6a610e5bc16f;Publiée;Collection d'Adrien Recouvreur;collectionneur
cd745090-c1d4-467e-8f25-223d8b5c108d;44ae45b6-395a-4ebf-bb73-0e7e5247c977;Publiée;Collection de Nicolas Beaujon;collectionneur
7e5adce9-e5ad-4d76-bee5-c6e35dae571e;36decccd-8e21-4699-ac2a-4b2e24cefbdd;Publiée;Collection de Louis Audouin-Dubreuil;collecteur
166f3e62-71ba-4bb0-b8de-89f06b73bd93;e9fc565d-4dc5-4db8-89f0-6b882849fa8a;Publiée;Collection de Maurice Penaud;collecteur
b24650e8-3b80-482a-b34b-55d789a69fba;9a490639-de85-4032-9393-ba76ef6473a9;Publiée;Collection de Philippe Burty;collectionneur
f46e90f0-0a1b-4342-a7b1-714df955efd7;f0325b8b-bf3b-46d1-a0bd-40290fcaa274;Publiée;Collection de Paul Louis Randon de Boisset;collectionneur
2f57ccb5-2abf-4288-954d-4ee7b3104e0e;7285a07c-0861-4fff-8bd6-ad8aa0ad8ca5;Publiée;Collection de James Tissot;collectionneur
c15e1df1-16e0-4d3a-9835-cd84a7fb8806;61dd3380-6c51-4871-a6fc-b993efb10c8f;Publiée;Collection de Henri Guérard;collectionneur
84159348-3148-424d-bd98-294c6a771d49;298cec0d-9210-406c-afc0-53f4c8872dce;Publiée;Collection de Victor Hugo;collectionneur
f7a4eec3-f3f8-4090-a66e-f4c88024103a;2b6a86ec-cc30-4dab-857b-4e1d9fc1e3e2;Publiée;Collection de Nélie Jacquemart et Edouard André;collectionneur
b30ce872-20a4-48ae-b0ae-8301c85d5405;2b6a86ec-cc30-4dab-857b-4e1d9fc1e3e2;Publiée;Collection de Nélie Jacquemart et Edouard André;collectionneur
b05d1c38-dd3f-4481-adc2-ea8712b314fb;4e9425f7-66c6-4f90-920e-1b4181f2d1fb;Publiée;Collection de Madame de Saint-Sauveur;
d3e6d470-1e1a-4821-ab94-d0dc54c50392;b9f8d30a-7817-481f-a32f-8342329a896a;Publiée;Collection d'Alphonse Hirsch;
9797dd9b-15c1-49e7-ba88-a6c0ad9eaf54;2d0e7321-e445-4107-b2b1-e3cd0be6ae8d;Publiée;Collection de Henri Maspero;collecteur
8280dfeb-3c4a-4d61-b195-05acaa1ac1de;68bacd22-cba1-440c-a99a-ba59e2d49b40;Publiée;Collection d'Hippolyte Fauverge de French;
5ede06d5-3589-4ce4-80a1-cba5e278b352;0f558ab3-a78b-485f-b22e-fe96796e4783;Publiée;Collection de Judith Gautier;collectionneur
6ad1cc77-1326-43aa-add3-9c890f1570ba;b5fbf81c-d6b8-4fa1-83d2-02f606fe0e73;Publiée;Collection d'Alexandrine Dècle;collectionneur
bafe13cc-fa47-4d0e-a4c8-50de5d5d6e66;420969a3-5168-4086-a7fe-49194dec84b2;Publiée;Collection de Albert d'Amade;collectionneur
b44e72d8-beef-4647-81fe-c49523e739ad;5322d2f2-0543-4c66-902d-00d98948145a;Publiée;Collection de Félix Leprince-Ringuet;
ce3517d2-e5b5-41fb-845d-84db3e4318c2;6af98114-d98d-4fb0-a231-c2e83d51a409;Publiée;Collection d'Armand Bohin;
a11d43f6-cda6-441b-91bc-8afb924bf3e9;ef0a8d37-39cb-4f00-b0b2-e502d056c438;Publiée;Collection de Jean-Baptiste Bourguignon de Fabregoules;
00376fda-f677-4ef8-af2e-aae06bfa01fb;ba9e8cac-9d7a-48a7-a957-b6b91a1f17c6;Publiée;Collection de Jean Chaffanjon;
9a3fdcb1-ebd2-4b66-b530-341253938278;6a3a93d6-ff3c-431e-b925-364a6f49449f;Publiée;Collection de Georges Collet;collectionneur
9701cd3f-bd32-4fb0-9264-cd762a3baa11;f734dde8-f1fd-4113-ba3d-0210c49314c9;Publiée;Collection de Jean-Baptiste Dauphin;
216f291c-be8e-4337-a468-eda8537f3ae5;383a14dd-c8d1-4547-a4aa-9bb6673df3be;Publiée;Collection de Louis Gardanne;collectionneur
aeaf8128-a3c9-4500-af81-d08bf6fe5180;63f315a9-9582-4fde-877d-21970285ad72;Publiée;Collection de Johann Jacob Maria de Groot;collecteur
67bb6a51-a0d4-457c-be4b-1afd976a3997;5e1c7ed6-e2a5-435d-bf67-6ea2f3622187;Publiée;Collection d'Albert Bourée;collectionneur
f59b87df-50c0-4111-ac8f-869536127d34;6e6f59bf-6e4e-4027-af1f-7a055789406a;Publiée;Collection de Pierre Jean David d'Angers;collectionneur
9e81f056-4227-40db-95d9-37d39a8ae874;3b4d0edf-cc09-4fc1-89bb-e7838695b918;Publiée;Collection de E. R. Vittu de Keraoul;collectionneur
27a31a76-c188-4264-8800-00d4cc5d70bc;a5de82d3-e1dc-42d2-9a7d-827ee24f1c34;Publiée;Collection d'Emmanuel Lansyer;collectionneur
4585cbe5-07fb-45d4-929d-a93fa37d1e81;0902e774-fa23-4c7c-8f6c-75d37c6211ff;Publiée;Collection de Jean-Jacques Matignon;collectionneur
3fb70c5e-3b4b-479b-84fb-a7cfcd271d32;fce6070e-3ac4-4050-80b7-caf225b115b7;Publiée;Collection d'Auguste Lesouëf;collectionneur
80a64ab9-65f3-4b08-b171-818e9c3b982f;39b40177-f36b-4ae6-9f52-da9f171db5d2;Publiée;Collection de Claude Dethève;collectionneur
ce694a56-4340-40a6-ac49-c5568e6bf954;223bbb97-13bf-4f50-9213-e9037e9830d4;Publiée;Collection d'Alexis Rouart;collectionneur
9fde1b4f-fa0c-4826-b29c-0c0132845e94;281e7f43-f053-4965-a82d-b2ddbb5575ae;Publiée;Collection de Jacques Bacot;collectionneur
b455a431-ce21-4e0b-87f4-bc0d1d92092e;2b0bdbc4-8dc8-466c-baba-5de97cea168e;Publiée;Collection de Palmyr Cordier;collecteur
38ea431c-0341-4430-9902-f00b5dad9cbd;81ef360a-741e-4315-be82-4aef05feb6d7;Publiée;Collection d'Érique Guilloteaux;collectionneur
92ce6cc4-8052-4c28-8b75-efb474f67664;0be51d9e-4975-46c5-b138-8251caa3209d;Publiée;Collection de Félix Régamey;collectionneur
37abc3aa-389e-43d8-8fee-052f703cffe6;9808e019-d2d4-49a6-af3f-85d33bb7ddc1;Publiée;Collection de Jacques Guérin;collecteur
0c50350c-7d3d-4a56-81c0-f410232f081a;da9a5a08-bdc1-4904-b2c4-d6272982a0b5;Publiée;Collection de Charles Rabot;
a3551e1b-4883-40ff-98d3-5a6bce69b67d;115a280a-a67b-417e-a124-96f4b4695c75;Publiée;Collection de Thomas I Dobrée;collectionneur
cc996811-840f-4c94-961f-5e2eccd46230;0240768d-33b2-40a9-9801-0c3e73de7fdc;Publiée;Collection de Pauline Buisson d'Armandy;collectionneur
1bf2a25a-995f-4dd5-b78c-d01b2f26a950;bce64add-4166-4687-add0-f988c78ceb03;Publiée;Collection de Henri Rivière;collectionneur
e7fa5d7f-838f-4685-88c4-3d82d90bca8d;f374c5ae-f1d6-47da-b4e4-acc476829441;Publiée;Collection d'Ernest Frandon et Gabrielle Le Provost de la Voltais;collectionneur
a4ba4c89-319f-41c1-8fe7-f341160c6a05;f374c5ae-f1d6-47da-b4e4-acc476829441;Publiée;Collection d'Ernest Frandon et Gabrielle Le Provost de la Voltais;collectionneur
29985f55-73d2-4ed1-9669-6164280f177d;ceedb39f-db8c-4069-a180-b4ea9a8d8a95;Publiée;Collection d'Edouard Huber;collecteur
4cf6387d-a42f-4500-b941-34e5d2d5bdb3;f8d698df-e549-4fac-bb8a-713a2d25fdc9;Publiée;Collection de Louis de Rohan;collectionneur
b0695e6a-24c7-44f1-97c4-71a73c6aa1a1;b17adf91-3d38-4653-9983-50a25bcb6449;Publiée;Collection d'Ernest Grandidier;collectionneur
2ebcd285-83ff-4cf0-bc67-929e72c9f289;a626aacb-1f3d-42cc-876d-17703f26ab76;Publiée;Collection Worch;collectionneur
cdda2455-a2ff-491e-9782-b670cf297196;a626aacb-1f3d-42cc-876d-17703f26ab76;Publiée;Collection Worch;collectionneur
85714db4-ce76-40d6-ac01-5acc0bef4793;1f0e9eb1-d18c-4856-bfa8-477d4f2506af;Publiée;Collection de Eugène Emmanuel Viollet-le-Duc;collectionneur
0e1ca895-cd2a-4250-9b80-b243133fc432;4ea2bc4a-3de5-4bcd-a702-931fbca9a219;Publiée;Collection de Henri d’Orléans;collecteur
17322773-088c-4a07-bee9-f5c711e08001;19658086-9638-4741-8535-a9e73fbcb7ce;Publiée;Collection de Lotus de Païni;collectionneur
142887c2-2e7e-418d-a566-eb17f576b39b;7bc75ba8-82f7-46e5-8c1a-5bb815f1ed3f;Publiée;Collection de Léon de Rosny;collectionneur
d0bc017b-5c73-46e0-9383-c975663bf463;1d3413c9-9258-4040-bdad-9c28829f5100;Publiée;Collection d'Auguste Rodin;collectionneur
85da9f6d-dbb5-4fc9-b665-200ba9d9285f;74e82e65-7163-469c-8bdc-7986ccc04ea2;Publiée;Collection de Sylvain Lévi;collectionneur
9f72fa8b-8925-432a-aa4e-9ef407d496e2;535c771f-3888-4f13-a829-c8c890a89a93;Publiée;Collection de Henri Cernuschi;collectionneur
cda24bd4-97a1-4cac-953e-a9951c2f3d93;f2150251-08a6-4891-b388-4d85c4aebf1f;Publiée;Collection de Théogène-François Page;collectionneur
abd8aef2-8c50-4882-b063-f5567ee5802e;b92a19d0-8159-46a7-8540-4e41b4a58215;Publiée;Collection de Jacques Tasset;collectionneur
79a7dc56-be98-40df-84c8-9f5a6b272c1e;dd69d422-ca08-4ce7-b90d-e0f9507ed2ee;Publiée;Collection de Joseph Mioche de Coheix;collectionneur
b4004e9c-2a22-444e-b229-2b011e7d14b1;af12fbdd-565d-4a2d-9e3e-616baf6bf84b;Publiée;Collection de François-Philibert Marquis;collectionneur
429df17d-6bbf-4377-a267-306fe7cb4323;04a6703c-ba5e-4be3-b572-a1c0fc74aea6;Publiée;Collection de Louis Delaporte;collectionneur
b994601a-9b81-48cb-bc69-3d54ee7ffd1c;ea79df52-766f-4a7e-ab1f-3848a93a00ce;Publiée;Collection d'Étienne Aymonier;
813f8690-ba5f-47cd-b4ac-eb68e0b783d8;21fed028-9054-434a-9ca4-801e08f14e43;Publiée;Collection de Jules Adeline;
1fcd843f-43a6-471a-a1ff-be341baa4cde;51b0f300-5a64-4831-b5e7-22f02fc9f372;Publiée;Collection d'Anatole Billequin;collecteur
d5437260-a76d-48b1-bb31-97af3999c282;6107e0f9-2049-44b2-83d9-a24d10333b5c;Publiée;Collection de Maurice Pierrat;collectionneur
d719af6d-8b7a-4713-adba-5e3746d0f6d6;27407aa5-a783-4abf-8155-43772a160895;Publiée;Collection de P. E. Milhe;
76318b15-fff2-45b4-8d27-4189cf39a9b8;915234cb-4efa-44a6-b6aa-ed44861aa07f;Publiée;Collection d'Alexandra David-Neel;collecteur,collectionneur
7fef3729-a1e9-4b49-9c0a-05bd31670e88;b47a0438-464b-4377-b33c-9b017fc2d497;Publiée;Collection de Marie Leszczynska;collectionneur
835e0d11-08f3-409f-a23c-914d6b1e2e85;284c1dee-e8cc-4b4e-b170-ad20247a4d74;Publiée;Collection de Michaël Dhoste;collecteur
09a15aff-d762-491a-91a0-04b99546a693;c9589699-72cf-4da4-8bce-934dea36638d;Publiée;Collection de Victoire de France;collectionneur
b620cb71-69ab-48c7-8ce0-e5af6b461b29;bc7a2ace-07ca-4030-ac47-b921478f23e0;Publiée;Collection Louis XVI;collectionneur
a7ba46e9-7236-4f14-a1a9-fcd606c085af;b532634e-7324-4aa3-b6d6-635f309eb274;Publiée;Collection Atherton Curtis;collectionneur
67fc58ae-1f48-4476-9e3d-aef525b33b35;b532634e-7324-4aa3-b6d6-635f309eb274;Publiée;Collection Atherton Curtis;collectionneur
eb83bbab-2d4b-4c1b-9a35-bcadee119f42;b532634e-7324-4aa3-b6d6-635f309eb274;Publiée;Collection Atherton Curtis;collectionneur
418ad956-9259-44fd-8138-40043270b44a;4fb82137-109b-4dbc-90b9-21d70eefb6cd;Publiée;Collection de Dominique-Vivant Denon;collectionneur
5452496c-076d-4b6d-8939-3d5fd1812a20;0fe62d7a-a8d1-43e1-be1d-4f19997646d9;Publiée;Collection Adèle de Rothschild;collectionneur
b0304434-2688-4bdb-8952-f4782c177bbd;41a5abe9-d3bf-4187-b4b1-01fe68cc5b37;Publiée;Collection de Georges Clemenceau;collectionneur
102f3e90-7006-49e8-b865-c6a67abff2da;31c3d885-1d47-4b2a-a594-285ab7184d97;Publiée;Collection de Louis Fidel Debruge-Duménil;collectionneur
83a85281-bbf8-41b1-bc36-90856f46c14a;bd1f1f08-472d-49e8-a513-6fe345587b3f;Publiée;Collection de Charles Gillot;
1341f1cf-2111-42d1-92b0-c6e6bbd2da18;6cb62c7c-12a8-4f91-b5c8-7ff107ed4617;Publiée;Collection de Marie Antoinette Malinet;collectionneur
fd4ef3af-1a0c-494c-b231-e0b95e5aabde;504a09d4-dde9-431d-93bd-c77f8e1e7c6b;Publiée;Collection de Albert Pouyanne;collectionneur
96521838-c30f-4ab4-87c9-fe4f49fd8514;93e9c9c4-1dc5-48c4-90ed-b93e3a8eb480;Publiée;Collection de Albert Tissandier;
ebb9152d-a185-4028-b9ec-5ce4a4128ac0;495a20ed-e076-4274-8878-cf3cfeed45ee;Publiée;Collection de Gabriel Bonvalot;
8335a090-a468-4b5a-ac35-1410031587ae;d270d913-a004-4cd3-b062-f605eae2c11f;Publiée;Collection Beurdeley;
b5eaef7e-6cc6-41de-833a-ce1a00db1ea1;d270d913-a004-4cd3-b062-f605eae2c11f;Publiée;Collection Beurdeley;
66b8db8e-8b92-4bd2-a599-bef1c171155d;d270d913-a004-4cd3-b062-f605eae2c11f;Publiée;Collection Beurdeley;
e6b347b4-fbab-4cef-a7d2-85adca138c6e;8edbda23-88c6-4ac6-a503-720174668ad9;Publiée;Collection de Pierre Dieulefils;collectionneur
560374dc-047b-46f6-8957-dcf4c325e8f2;26ac6ad2-d0e3-451a-b687-81c6e5b41d03;Publiée;Collection de Charles Edward Haviland;collectionneur
6fb964a3-3da0-4f74-80b6-c36af6ea5ee4;1d1facff-2187-4d0e-a943-5f814fd4f5ac;Publiée;Collection de François Boucher;collectionneur
c2eaab5d-12ea-4934-b85a-21447cadf907;bcba1c33-abde-4098-aa8a-56078923c61c;Publiée;Collection de Pauline Tarn;collectionneur
6b9a88df-5225-4682-a83f-188c1ebbac48;adc9c756-3f37-425e-8654-759a5367cb4f;Publiée;Collection de Charles-Eugène de Ujfalvy;collecteur
2b14d8ed-8d65-42af-b447-bd3cc2259b11;adc9c756-3f37-425e-8654-759a5367cb4f;Publiée;Collection de Charles-Eugène de Ujfalvy;
6476abfe-efb5-4073-8c34-a2bccb8de69f;4f3be8b9-3560-4edc-88b0-91665d4877cf;Publiée;Collection de Jean de Jullienne;collectionneur
0c286dac-c67d-4130-962e-c49f241152f1;64128605-4088-4304-87fd-b68271240036;Publiée;Collection de Joseph Hackin​;collectionneur
daa3910e-b3a3-44f3-8c2c-25d9e9d3abf6;68b91f0c-6886-430e-9421-0c1f02f3da4b;Publiée;Collection de Gaston Jessé-Curély;collectionneur
b3b1f597-a37b-405e-b89e-e4e170da97aa;0e337db4-cb78-4a78-b74e-45f563edca33;Publiée;Collection d'Emmanuel Tronquois;collectionneur
3d96340b-6835-41e9-8f5c-50715598b49f;3002dcb8-35fa-4f12-a589-7cbc247f033c;Publiée;Collection de Victor Goloubew;collectionneur
6ceecdd2-66d6-4bed-8752-8543c7011c70;59626362-20e5-4a2d-ab79-e55e6b8938a6;Publiée;Collection de Pierre-Eugène Lamairesse;collecteur,collectionneur
54e52c19-2764-4181-96be-58b4354e86a6;e7902fc3-335e-4bc0-909c-24d9a28d52fe;Publiée;Collection de Jean-Baptiste-François Jehannin de Chamblanc;collectionneur
2bdf53dc-9778-4e44-a922-bfb6f1371753;c06e0256-67f7-4854-99a2-3db1e33d6109;Publiée;Collection Verjus-Joly;collectionneur
eb1bfc3c-6449-4919-ae94-62a51ed60425;c06e0256-67f7-4854-99a2-3db1e33d6109;Publiée;Collection Verjus-Joly;collectionneur
8b736f28-d2b2-414e-92f5-082106f1243e;a2a8338e-efcf-4a38-a3bf-ac92dafdd7d4;Publiée;Collection d'Albert Boyer;collectionneur
6d01a61b-070e-4590-add9-36be9074f6e0;eb0eba54-448a-474a-a2cb-041d25da08b8;Publiée;Collection du général Léon de Beylié;collectionneur
054089f5-10c8-4e45-8993-0fb73908a88e;1ddeb6d7-50c7-4d96-8d56-8508c9531f95;Publiée;Collection de Louis Gonse;collectionneur
0d4152d9-b959-48e4-b21e-5dc693ee9a30;309397d1-de75-49ed-89f0-26124d4e85ff;Publiée;Collection de Francis-Frédérik Steenackers;collecteur
009b45c2-dd1d-4f42-a3b1-456c39154bf6;330583c4-e848-4ffd-bbbd-08a1f97a3d07;Publiée;Collection d'Albert Kahn;collectionneur,collecteur
a4d1c6ba-7166-4cbc-987c-07b16f9c1fee;64c94bd3-277b-48ac-939f-73ec2ae7017a;Publiée;Collection de la duchesse de Persigny;collectionneur
18c0deb4-0a1b-4949-92f7-4a128477085a;93d31ec2-6ee3-4489-843b-d7e46422a010;Publiée;Collection de Louis Finot;collectionneur,collecteur
a529dbd0-abad-4109-bb4a-054b4cb196f6;d01c2015-fbfe-4a8d-9ab8-96e8d4d9664a;Publiée;Collection de Jean-Yves CLAEYS;collecteur
d62bb32a-7fb9-435d-814d-358485e854a4;b8ba36d8-67a2-4d8a-8dc0-071671c831ce;Publiée;Collection d'Etienne de Saint-Genys;collectionneur
a0780c3b-d545-4b61-9034-dac33837f1c2;78d88800-b7d3-4d21-b620-3ae5b4467bc9;Publiée;Collection de Charles de Montigny;collectionneur
41d46cae-ad27-4df6-b284-3441621a2f1b;bf4935c6-36d6-4f10-9474-8c53832eea84;Publiée;Collection d'Ernest Hébert;collectionneur
d6b76429-892e-4361-9800-5bbf93c4f107;7308b9fa-db6a-432b-83d9-cf8253e81811;Publiée;Collection de Jules Jacquemart;collectionneur
65a501e9-160f-4400-89f3-4db63db91f54;9f19fd1b-f985-4a50-8aeb-210b3b96b547;Publiée;Collection de Prosper-Alphonse Isaac;collectionneur
6f543c5e-1ca9-4440-bacc-c3279ea9bfa2;3cf5245b-c8b3-4f68-ab0c-d0e538df2b50;Publiée;Collection de Jean-Marie Ogier;
04eaa6da-9c0d-4117-bc77-27dd70a33da5;f4774736-599b-42f6-bb4a-456f53673ae7;Publiée;Collection de Fernand Nadal;collectionneur,photographe
4113481e-d263-4684-9424-95de3892b4d6;7ed6f0df-1771-453e-8ee2-c2b6ede37da4;Publiée;Collection de l'Impératrice Eugénie;
5610390b-a342-49ac-a35b-c62cdc8fb642;155efe24-74c2-4677-98b1-941f678c0c7d;Publiée;Collection d'Adélaïde de France;collectionneur
cf1559d7-9254-4db0-a59e-586c3b2c83d3;dc3035aa-4abd-4345-9615-cb780ba03a88;Publiée;Collection d'Albert Le Libon;collectionneur
949104d2-4d18-497c-a64f-867107d1b5b2;fa9d9b74-9502-467b-9dc4-643a507205a2;Publiée;Collection de Polybe Zafiropulo;collectionneur
dc7ea432-8b9a-407d-be50-571c86b0cb18;02decaaa-e399-4755-b2db-59247ee58e91;Publiée;Collection de Joseph Vigne;collecteur
f9491573-edd4-49e9-8f9d-aa7055040cd9;b68062b2-c56e-4bd8-a710-8dc2bb070972;Publiée;Collection de Philippe Jourde;collectionneur
b810720e-a538-4e55-92fa-a32da8f33eeb;59c209a4-3009-48c9-be38-9fe1960e3489;Publiée;Collection de Nicolas Zarifi;collectionneur
6f172fe0-d8b2-495a-99f5-f8d35cd7828b;707ba133-cbcf-4652-8369-bd637874b8cc;Publiée;Collection de Charles Varat;collecteur
edf56889-515a-4574-87fa-66327a284749;b84d4cea-5b04-4da8-8c22-3c6234357f25;Publiée;Collection de Paul Gasnault;
2b0f52cb-b428-4328-8177-201f049874dc;e83e9a81-6af8-4cb7-92a1-a52c13c8a7e3;Publiée;Collection de Benjamin Jaurès;collectionneur
2ac56a88-9a17-4ecc-b6e6-af2fa4b42332;e567b957-b061-4c5d-9e75-a1caaa2fc04a;Publiée;Collection de Zacharie Astruc;collectionneur
e843376d-3374-4a38-9b57-80e3a18a793d;67f05a42-b1bb-4c57-8eb7-18926bb6e16f;Publiée;Collection de Gaston Migeon;collectionneur
407af944-4689-48d8-b045-1a472867420e;91ccb359-bc37-406d-9be7-95f7d45c033a;Publiée;Collection d'Alphonse Moillet;collectionneur
8be143ae-c883-4e32-bfe6-e04f8c892926;1d30f412-d478-455b-9cba-f562899ef157;Publiée;Collection de Louis-Henri de Bourbon;collectionneur
1337952d-7057-4eb2-8606-eadd786bbfe2;6b0e1608-d595-4677-9006-e8cf0a286015;Publiée;Collection d'Alfred Rabaud;
3d643418-bf1e-4d40-a905-a56395eacb47;17c65cbf-26db-4cf2-a818-51797e2ced66;Publiée;Collection d'Adolphe Thiers;collectionneur
075bf0dd-faf3-434b-8e10-51864a4488ab;fd61860f-5b8e-469b-b682-9ac50dcdc417;Publiée;Collection d'Arsène Mallet;collectionneur
7693acfe-bbc6-4a14-8407-e1b666081f84;d5476a2e-5964-46e1-abae-f9cb751b17e9;Publiée;Collection d'Alfred Gérard;collectionneur
d0c4abdb-d7c0-461b-801c-3653f3c26210;14bfa047-33ea-4aa9-836f-c89b5b80ac9f;Publiée;Collection de Charles d'Ochoa;collectionneur
3921c56b-4d7a-4440-90c6-729f4f6987b0;fe4f7d84-08ca-46d1-8c71-b6c2a94e9621;Publiée;Collection d'Henri Parmentier;
5b3f86ca-79e5-4662-b9a3-81ef29d21697;14cd9c7a-65ad-49d6-acf9-4f2d01f38f0c;Publiée;Collection d'Edmond Taigny;collectionneur
80337afa-5333-4930-8ed1-68528c526875;c8c5ab75-9272-4517-8794-3b7ac0d45e49;Publiée;Collection de Narcisse Maugin;collectionneur
fdd1bd0d-0181-4e40-abeb-b31d13991dc3;29400a08-64c3-4045-90e2-2b8cbf547b00;Publiée;Collection d'Adhémard Leclère;collecteur
ff1e593d-4ad0-4ef8-88a3-6a41cda0bc42;bc735f8d-1808-4dbf-a8ab-713695b74a0e;Publiée;Collection de Jean Charles Alexandre Hamot de Saint Léger;collectionneur
a54a39a0-2876-4b68-940a-b388a16769fc;91b70e99-cdf0-4410-97dd-c245363b02f9;Publiée;Collection d'André Leroi-Gourhan;collecteur,collectionneur
4edbb498-c991-4171-b941-001b6fd66347;f990857e-57a1-4aef-b626-4dada167744d;Publiée;Collection de Jules-Léon Dutreuil de Rhins;collectionneur
dc7888e0-a202-4e6f-a1e1-4dea30ea8de6;e0406529-780c-436c-84f8-4a7dc36b6840;Publiée;Collection de Fernand Scherzer;collecteur
dc3a0ece-f522-4a7b-9271-15d13d46edd2;fdf8432a-4543-490d-bf2c-fcb43a81dfb2;Publiée;Collection d'Hippolyte Boissel de Monville;collectionneur
1a4339fb-aee9-420f-bf7f-5f5732b5eab1;d8cabd4a-e411-4d0f-b209-03bc7d19b954;Publiée;Collection d'Edouard Chavannes;collectionneur,collecteur
be5b24f0-99fd-4267-8e90-557f1fcbe6f2;60bed3b2-895c-4498-9fde-37cfb9d77e30;Publiée;Collection de George Auriol;collectionneur
d6482b39-db3e-4f2c-b9b5-ee4fc6ea180c;b0ca56d0-1a1c-4651-b595-535d18a68497;Publiée;Collection de M. Bergevin;collectionneur
0b4d8d16-303d-45c8-b157-30990715a020;f1faa7c9-177d-40b0-977f-c077bf1ebda0;Publiée;Collection d'André Leclère;collecteur
50cbba7d-f3ee-4efa-9239-a19ba2206d4a;755855b3-4498-4187-a545-40aef7557bf8;Publiée;Collection d'Anthelme et Edma Trimolet;
7197e8c7-4a81-4fa9-a981-48a63b92cdfa;755855b3-4498-4187-a545-40aef7557bf8;Publiée;Collection d'Anthelme et Edma Trimolet;
e20f3dff-e80f-4450-afa3-1fc81a94092f;a15e8930-fe6e-4020-8b60-bd38a117512b;Publiée;Collection Faurie;collecteur
97339e36-401d-4658-be1a-1db9ace7ed67;a15e8930-fe6e-4020-8b60-bd38a117512b;Publiée;Collection Faurie;collectionneur
6c4cdb5e-9977-4ba2-9b1d-4989051a9e33;f3fd1fcc-f8d4-41cd-ba29-faa166479df4;Publiée;Collection du marquis de Marigny;collectionneur
d8aa07b4-e4e2-4daf-89b8-3b77aa55b030;d50b13de-8020-4555-a34d-c05752d06a43;Publiée;Collection de Pierre Saqué;marchand
7434fe63-aeb0-4381-bf0e-2b5b9388532f;44ff688d-0e9f-4049-8021-0ac785513720;Publiée;Collection de Raoul Duseigneur;collectionneur
f39f27e6-99b7-4d8d-b2d0-397d0d65654f;63d6b69c-8d6e-4ddc-b622-0290b785a405;Publiée;Collection de Clémence d'Ennery;collectionneur
5d9f00d1-3ae0-487b-a52a-ddd25b9d8a96;26c3ff90-ed1a-4e28-8f74-1a627848f367;Publiée;Collection de Raymond Kœchlin;collectionneur
c1c2cce9-8e3a-49ad-9c24-7140ec7027a4;78458733-4a0f-4c28-a472-99437f0d2e74;Publiée;Collection de Barthélémy Augustin Blondel d’Azincourt;collectionneur
0051e856-0532-4656-b16c-109dfed1fe4d;201fa18a-238b-420f-a17c-5e815a86bdbd;Publiée;Collection de Joseph Berthelot, baron de Baye;collecteur
dd5ca050-adf7-43db-8678-d2fe7c489702;bcf92c36-ad21-430b-bbcb-48e6d58d89ec;Publiée;Collection de Georges Marteau;collectionneur
1fd5d5fa-f4df-45bb-8046-76ef0d9d074a;47dcf98c-7531-4e54-9dea-4083605ec1e4;Publiée;Collection de Jules Itier;collecteur
0a2497c3-01c8-4953-95bc-0214ae4ee933;1c764113-d1d3-46be-8841-659b1591588f;Publiée;Collection de Pierre Lefèvre-Pontalis;collectionneur
1ed74d54-2f11-460c-9fe0-833d702811ec;c3240cc3-c0f9-4be7-9e0a-d9994a7e4582;Publiée;Collection de Charles de Chassiron;collectionneur
73df5f3d-ff79-4030-928c-1242fabe965c;7468d23e-91f9-4d41-b7de-044431d5f683;Publiée;Collection Baron Albert De Dietrich (1833-1888);
c335ab2a-d4a3-41a2-a7fa-ee7c8181db53;6bf147ce-d34b-4089-97d7-c50035aa1fc4;Publiée;Collection de Jules Maciet;collectionneur
c6691811-97b9-4124-b996-02b677334124;3bdcfd71-2085-4217-8e2e-c679b150d244;Publiée;Collection Grobet-Labadié;collectionneur
b1683385-9850-412d-8eee-9c1993daa6ef;3bdcfd71-2085-4217-8e2e-c679b150d244;Publiée;Collection Grobet-Labadié;collectionneur
20c1f95d-abd6-4eb4-b4a0-88c32b5d50e4;3bdcfd71-2085-4217-8e2e-c679b150d244;Publiée;Collection Grobet-Labadié;collectionneur
448a5e8d-35a6-46d4-86e9-d639904bbae7;c5c33e5d-c0fd-4915-99c5-910135c59301;Publiée;Collection François-Achille Wasset;collectionneur
bbbe41ac-f1b1-4977-9797-1bd9d36276d1;0e13fe31-7709-4c2b-a189-2855daddcdca;Publiée;Collection d'Henri Pichot L’Amabilais;
b8b0faac-d7bc-47d0-b552-f62807087f40;0e13fe31-7709-4c2b-a189-2855daddcdca;Publiée;Collection d'Henri Pichot L’Amabilais;
ac99646f-c776-4e4c-8770-692328036696;6e620934-d576-4947-a953-e547f0344f47;Publiée;Collection de Michel Manzi;collectionneur
96364584-69eb-4240-90dd-459f6138e473;0b226a71-c26f-4579-8514-8af6eebed290;Publiée;Collection Jacques Doucet;collectionneur
